date,predicted_ratio,actual_ratio,predicted_spot,actual_spot,on_demand,avg_risk,max_z_score,anomaly_hours,ml_anomaly_hours,abs_error,pct_error
2025-01-02,0.3977910991537427,0.3960375816993464,0.03381224342806813,0.03366319444444445,0.08499999999999999,12.408402826166308,0.8869676117176188,0,0,0.00014904898362368135,0.4427654180878827
2025-01-03,0.3990080872140984,0.3971977124183006,0.033915687413198364,0.03376180555555556,0.08499999999999999,11.263854593094095,0.8681467456954799,0,0,0.00015388185764280554,0.45578681326622367
2025-01-04,0.4010289904501596,0.3983741830065359,0.03408746418826356,0.03386180555555555,0.08499999999999999,11.971823236659239,0.8493258796733409,0,0,0.00022565863270801456,0.6664105147547036
2025-01-05,0.4047568568651451,0.40158496732026144,0.03440433283353733,0.03413472222222222,0.08499999999999999,13.817242991814268,0.8116841476290614,0,0,0.0002696106113151131,0.7898426990555457
2025-01-06,0.4090021802742993,0.4063643790849673,0.034765185323315434,0.03454097222222222,0.08499999999999999,12.459903022955332,0.7364006835405056,0,0,0.00022421310109321108,0.6491221487650012
2025-01-07,0.4081207301083131,0.4073692810457517,0.03469026205920661,0.03462638888888889,0.08499999999999999,12.05646913035996,0.6987589514962278,0,0,6.387317031772421e-05,0.1844638507430967
2025-01-08,0.41357436554096605,0.41066176470588234,0.03515382107098211,0.03490625,0.08499999999999999,11.264596881397388,0.6987589514962278,0,0,0.00024757107098211106,0.7092456823122251
2025-01-09,0.41400508977260797,0.413937908496732,0.035190432630671675,0.03518472222222222,0.08499999999999999,8.069783312561245,0.6046546213855314,0,0,5.710408449453863e-06,0.016229795458914387
2025-01-10,0.41927699882021896,0.41620915032679734,0.035638544899718606,0.03537777777777778,0.08499999999999999,6.673381724031226,0.6046546213855314,0,0,0.0002607671219408275,0.7370929954357561
2025-01-11,0.4165005094400727,0.4156617647058823,0.03540254330240618,0.03533125,0.08499999999999999,7.485904787794431,0.5858337553633916,0,0,7.129330240617654e-05,0.20178539509973903
2025-01-12,0.4161103302442292,0.4152369281045751,0.03536937807075948,0.03529513888888888,0.08499999999999999,7.68281121464974,0.5858337553633916,0,0,7.423918187059869e-05,0.21033826245678727
2025-01-13,0.4226260685112395,0.4211437908496731,0.035923215823455354,0.03579722222222222,0.08499999999999999,5.938502043284482,0.5670128893412535,0,0,0.00012599360123313058,0.3519647431048887
2025-01-14,0.4230637697925715,0.4224591503267974,0.03596042043236857,0.035909027777777776,0.08499999999999999,4.507558253992844,0.4729085592305571,0,0,5.139265459079556e-05,0.14311903655213912
2025-01-15,0.4230567064637403,0.42260620915032676,0.03595982004941792,0.03592152777777777,0.08499999999999999,4.679701222240603,0.4729085592305571,0,0,3.8292271640150144e-05,0.10659978572470127
2025-01-16,0.42286804649525117,0.42321895424836603,0.035943783952096346,0.03597361111111111,0.08499999999999999,5.178879673076866,0.4729085592305571,0,0,2.9827159014762794e-05,0.08291399749287368
2025-01-17,0.4213745039228438,0.42218954248366003,0.03581683283344172,0.03588611111111111,0.08499999999999999,4.323633524921278,0.49172942525269603,0,0,6.927827766939343e-05,0.19305039059510515
2025-01-18,0.4194285914178401,0.41948529411764707,0.035651430270516406,0.03565625,0.08499999999999999,4.907537626413928,0.5293711572969748,0,0,4.819729483594715e-06,0.013517208017092976
2025-01-19,0.41614512811446,0.416470588235294,0.035372335889729094,0.0354,0.08499999999999999,7.267436534993054,0.5858337553633916,0,0,2.766411027090715e-05,0.07814720415510494
2025-01-20,0.413866948640206,0.41294117647058826,0.03517869063441751,0.0351,0.08499999999999999,9.057813217299067,0.6234754874076694,0,0,7.86906344175109e-05,0.2241898416453302
2025-01-21,0.41480145799800816,0.41334150326797386,0.03525812392983069,0.03513402777777778,0.08499999999999999,8.59556238664198,0.6046546213855314,0,0,0.00012409615205290908,0.3532078725440062
2025-01-22,0.41501515680060413,0.41372549019607846,0.035276288328051346,0.035166666666666666,0.08499999999999999,8.519342180061171,0.6234754874076694,0,0,0.00010962166138468038,0.31172036412705323
2025-01-23,0.4191428297343928,0.4154983660130719,0.035627140527423384,0.035317361111111105,0.08499999999999999,7.752794956791885,0.6046546213855314,0,0,0.0003097794163122794,0.8771306988019003
2025-01-24,0.4195969998960862,0.4185702614379085,0.03566574499116732,0.03557847222222222,0.08499999999999999,6.430300095638447,0.5293711572969748,0,0,8.727276894510139e-05,0.2452965613587844
2025-01-25,0.4222355320073708,0.4220179738562091,0.03589002022062651,0.03587152777777778,0.08499999999999999,5.022356208426559,0.49172942525269603,0,0,1.8492442848731805e-05,0.05155186855517142
2025-01-26,0.41894312433844066,0.4195996732026144,0.035610165568767456,0.03566597222222222,0.08499999999999999,4.926941068545009,0.5293711572969748,0,0,5.5806653454761046e-05,0.15647029921699393
2025-01-27,0.41614553851691133,0.4158006535947711,0.03537237077393746,0.03534305555555555,0.08499999999999999,6.833300964168085,0.5670128893412535,0,0,2.9315218381911756e-05,0.08294477633896517
2025-01-28,0.42944335166080405,0.4258251633986927,0.03650268489116834,0.03619513888888889,0.08499999999999999,7.671644636050214,0.5670128893412535,0,0,0.0003075460022794532,0.8496886922400044
2025-01-29,0.43215335803276994,0.43080882352941174,0.036733035432785444,0.036618750000000005,0.08499999999999999,9.07905161892658,0.3411624970755837,0,0,0.00011428543278543812,0.31209539589810714
2025-01-30,0.43047425466391337,0.43146241830065357,0.03659031164643263,0.03667430555555556,0.08499999999999999,9.543506720671807,0.3411624970755837,0,0,8.39939091229272e-05,0.22902658373637153
2025-01-31,0.43511587999708895,0.4331699346405228,0.036984849799752556,0.03681944444444444,0.08499999999999999,9.636276279968573,0.3411624970755837,0,0,0.00016540535530811667,0.44923370736267076
2025-02-01,0.44725688626578225,0.44494281045751627,0.03801683533259149,0.03782013888888889,0.08499999999999999,9.147851012436876,0.20941643492060943,0,0,0.00019669644370259864,0.5200838745739925
2025-02-02,0.45603527586623227,0.45008169934640524,0.03876299844862974,0.03825694444444445,0.08499999999999999,9.36564691297933,0.18582175154431427,0,0,0.0005060540041852898,1.3227768488415634
2025-02-03,0.47233929101439837,0.46757352941176467,0.04014883973622386,0.03974375,0.08499999999999999,18.189387903835982,0.2987469476771487,0,125,0.000405089736223857,1.0192539360877044
2025-02-04,0.4611455300492449,0.4670016339869281,0.03919737005418581,0.03969513888888889,0.08499999999999999,17.570763863584084,0.2987469476771487,0,144,0.0004977688347030801,1.2539793250160691
2025-02-05,0.4629117048054754,0.46359477124183,0.039347494908465404,0.039405555555555555,0.08499999999999999,12.73587162374415,0.2234634835885921,0,40,5.806064709015096e-05,0.1473412727509823
2025-02-06,0.4574597192056755,0.45835784313725486,0.03888407613248242,0.038960416666666664,0.08499999999999999,9.824821434326338,0.1481800195000364,0,0,7.634053418424658e-05,0.19594383406469365
2025-02-07,0.4562200014884585,0.45722222222222225,0.03877870012651897,0.03886388888888889,0.08499999999999999,10.344237102605963,0.1481800195000364,0,0,8.518876236992406e-05,0.21919773034931497
2025-02-08,0.4478200724607479,0.4523611111111112,0.03806470615916357,0.03845069444444444,0.08499999999999999,10.359968849243007,0.13413297083205195,0,0,0.00038598828528087215,1.0038525723860932
2025-02-09,0.42935971767027037,0.4356290849673202,0.03649557600197298,0.037028472222222227,0.08499999999999999,10.883780642023474,0.3599833630977218,0,23,0.0005328962202492474,1.4391525987114198
2025-02-10,0.41993290286592555,0.42207516339869283,0.035694296743603665,0.0358763888888889,0.08499999999999999,5.612896568704564,0.5105502912748359,0,0,0.00018209214528523698,0.5075542743423428
2025-02-11,0.4129983806446071,0.41669117647058823,0.0351048623547916,0.03541875,0.08499999999999999,7.092299377942598,0.6234754874076694,0,0,0.0003138876452083994,0.8862188677138505
2025-02-12,0.4105183024351364,0.4085375816993464,0.03489405570698659,0.03472569444444445,0.08499999999999999,12.11140218148475,0.7175798175183659,0,0,0.00016836126254213962,0.48483195292606945
2025-02-13,0.40835736638588327,0.4089343563512361,0.03471037614280007,0.034759420289855084,0.08499999999999999,11.886021397630078,0.6987589514962278,0,0,4.904414705501209e-05,0.1410959867743426
2025-02-14,0.40726062373582517,0.4072549019607843,0.03461715301754514,0.034616666666666664,0.08499999999999999,12.255832751682325,0.7740424155847835,0,0,4.863508784730408e-07,0.0014049616133068104
2025-02-15,0.4055971603230839,0.4022875816993465,0.034475758627462126,0.034194444444444444,0.08499999999999999,13.745788481667882,0.7928632816069233,0,0,0.00028131418301768213,0.8226897310021573
2025-02-16,0.4005426308441636,0.40142973856209146,0.0340461236217539,0.03412152777777778,0.08499999999999999,14.06720856686688,0.8305050136512011,0,0,7.540415602387551e-05,0.2209870452312623
2025-02-17,0.40114411217884793,0.39934640522875814,0.03409724953520207,0.03394444444444444,0.08499999999999999,13.017575445806388,0.8493258796733409,0,0,0.00015280509075763643,0.45016229683100756
2025-02-18,0.3950708393612041,0.3957026143790849,0.033581021345702344,0.03363472222222222,0.08499999999999999,13.23852715329566,0.9434302097840356,0,0,5.370087651987432e-05,0.15965904568819225
2025-02-19,0.3928223518684373,0.3920424836601307,0.03338989990881717,0.033323611111111116,0.08499999999999999,14.147450175184476,0.9622510758061754,0,0,6.628879770605167e-05,0.19892441273853706
2025-02-20,0.3919842603023786,0.39133169934640516,0.03331866212570218,0.03326319444444445,0.08499999999999999,14.261187876979063,0.9622510758061754,0,0,5.546768125772733e-05,0.16675392181700527
2025-02-21,0.39154419850552385,0.3905882352941176,0.033281256872969525,0.0332,0.08499999999999999,14.563357877071333,0.9622510758061754,0,0,8.125687296952483e-05,0.24474961737808681
2025-02-22,0.38777138418771956,0.3880555555555555,0.03296056765595616,0.03298472222222223,0.08499999999999999,18.01097165967974,1.037534539894732,0,57,2.4154566266067212e-05,0.07322955792483216
2025-02-23,0.3886313836849021,0.38616830065359475,0.033033667613216675,0.03282430555555556,0.08499999999999999,21.077004719028043,1.056355405916871,0,144,0.0002093620576611166,0.6378263122940061
2025-02-24,0.39202006886898827,0.38954248366013067,0.033321705853864,0.03311111111111112,0.08499999999999999,16.476278520027602,0.9998928078504533,0,23,0.00021059474275288148,0.636024390864407
2025-02-25,0.3955810319219357,0.39326797385620915,0.03362438771336453,0.03342777777777778,0.08499999999999999,13.940986551522123,0.9622510758061754,0,0,0.00019660993558675427,0.5881633439523977
2025-02-26,0.39672296344795993,0.39372549019607844,0.03372145189307659,0.03346666666666666,0.08499999999999999,13.832774645234913,0.9246093437618976,0,0,0.0002547852264099329,0.7613104374798794
2025-02-27,0.39772913502094626,0.3961928104575163,0.03380697647678043,0.033676388888888895,0.08499999999999999,12.166846190131096,0.9246093437618976,0,0,0.00013058758789153552,0.3877719440834147
2025-02-28,0.3983844329660413,0.3967647058823529,0.03386267680211351,0.033725,0.08499999999999999,11.3629132629889,0.8681467456954799,0,0,0.0001376768021135108,0.4082336608258289
2025-03-01,0.4000529210916894,0.3976388888888889,0.034004498292793596,0.033799305555555555,0.08499999999999999,11.904609140467166,0.8681467456954799,0,0,0.00020519273723804132,0.6070915773721097
2025-03-02,0.4009965989671273,0.3985866013071895,0.034084710912205815,0.03387986111111111,0.08499999999999999,12.449560622261348,0.8493258796733409,0,0,0.00020484980109470446,0.6046358939397266
2025-03-03,0.4023375352937483,0.3982107843137255,0.034198690499968605,0.033847916666666665,0.08499999999999999,12.865133119895704,0.8869676117176188,0,0,0.00035077383330194,1.036323259585962
2025-03-04,0.40611316058886593,0.40474673202614375,0.0345196186500536,0.034403472222222224,0.08499999999999999,13.102482292572867,0.7740424155847835,0,0,0.00011614642783137896,0.33760088830904844
2025-03-05,0.4128347073877395,0.410359477124183,0.035090950127957855,0.034880555555555554,0.08499999999999999,11.307076889099806,0.7175798175183659,0,0,0.0002103945724023018,0.6031858410832894
2025-03-06,0.41500449999130923,0.41361928104575163,0.03527538249926128,0.035157638888888884,0.08499999999999999,8.475110482830713,0.6046546213855314,0,0,0.000117743610372395,0.3349019276991503
2025-03-07,0.41616241832053574,0.4151552287581698,0.035373805557245536,0.03528819444444445,0.08499999999999999,6.7443024317390226,0.5858337553633916,0,0,8.561111280108724e-05,0.24260553465229878
2025-03-08,0.4183763084956606,0.41632352941176465,0.03556198622213115,0.035387499999999995,0.08499999999999999,7.038620789005453,0.5670128893412535,0,0,0.00017448622213115522,0.4930730402858502
2025-03-09,0.4208533567983371,0.41798202614379076,0.03577253532785865,0.03552847222222222,0.08499999999999999,6.283835701539738,0.5670128893412535,0,0,0.00024406310563643285,0.6869507478674446
2025-03-10,0.4263950385132828,0.42468942821884,0.03624357827362903,0.0360986013986014,0.08499999999999998,5.440623980960359,0.4729085592305571,0,0,0.0001449768750276248,0.40161355124756093
2025-03-11,0.42506329251629743,0.4233333333333333,0.03613037986388528,0.03598333333333333,0.08499999999999999,5.137642415747676,0.4729085592305571,0,0,0.0001470465305519475,0.40865177550332793
2025-03-12,0.42158407074089704,0.4215032679738561,0.03583464601297624,0.03582777777777778,0.08499999999999999,3.8088237975995867,0.49172942525269603,0,0,6.8682351984650225e-06,0.019170140110462152
2025-03-13,0.42244780401557286,0.42109477124183,0.03590806334132369,0.03579305555555555,0.08499999999999999,3.5936580808744845,0.49172942525269603,0,0,0.00011500778576813836,0.3213131262002236
2025-03-14,0.42210155901791774,0.42250816993464047,0.035878632516523006,0.035913194444444435,0.08499999999999999,4.549313405666499,0.4729085592305571,0,0,3.456192792142959e-05,0.09623740927556536
2025-03-15,0.4216492123524033,0.42205882352941176,0.03584018304995428,0.035875000000000004,0.08499999999999999,4.438759563832383,0.49172942525269603,0,0,3.481695004572266e-05,0.09705073183476698
2025-03-16,0.4197324986408782,0.41963235294117646,0.03567726238447464,0.03566875,0.08499999999999999,4.718659969841664,0.5105502912748359,0,0,8.51238447464181e-06,0.023865104537282102
2025-03-17,0.42646650389060986,0.42495098039215673,0.036249652830701834,0.03612083333333334,0.08499999999999999,5.821437256819651,0.4729085592305571,0,0,0.00012881949736849585,0.3566348987015688
2025-03-18,0.4252328487012747,0.4239950980392157,0.03614479213960835,0.03603958333333333,0.08499999999999999,5.347832777728555,0.4540876932084173,0,0,0.0001052088062750145,0.29192570097697534
2025-03-19,0.4208350885475558,0.42128267973856204,0.03577098252654224,0.03580902777777778,0.08499999999999999,4.074254926730553,0.49172942525269603,0,0,3.8045251235539757e-05,0.10624485945733976
2025-03-20,0.4239782401224878,0.42308823529411765,0.03603815041041146,0.035962499999999994,0.08499999999999999,5.462486365812756,0.49172942525269603,0,0,7.565041041146525e-05,0.21035915303848524
2025-03-21,0.42153716476605885,0.4201552287581699,0.035830659005115,0.03571319444444445,0.08499999999999999,4.225835305242466,0.49172942525269603,0,0,0.00011746456067054933,0.32891081993036925
2025-03-22,0.4207719295032299,0.4206944444444443,0.03576561400777454,0.03575902777777778,0.08499999999999999,3.63146617161333,0.49172942525269603,0,0,6.5862299967606175e-06,0.01841836986645814
2025-03-23,0.42256061675826234,0.4216748366013071,0.035917652424452294,0.03584236111111111,0.08499999999999999,4.08327715963831,0.49172942525269603,0,0,7.52913133411845e-05,0.21006237035496034
2025-03-24,0.4236916291867085,0.4211029411764705,0.03601378848087022,0.035793750000000006,0.08499999999999999,4.044334928423593,0.49172942525269603,0,0,0.0002200384808702105,0.6147399500477331
2025-03-25,0.42758088914359044,0.4266830065359476,0.036344375577205185,0.03626805555555556,0.08499999999999999,6.728854184425387,0.3976250951419996,0,0,7.632002164962431e-05,0.2104331772976276
2025-03-26,0.42762677544868355,0.4267238562091502,0.0363482759131381,0.036271527777777784,0.08499999999999999,6.710368296167214,0.3976250951419996,0,0,7.674813536031472e-05,0.21159333522018184
2025-03-27,0.4308275267802406,0.4282026143790849,0.03662033977632045,0.03639722222222222,0.08499999999999999,8.302106651856281,0.37880422911986156,0,0,0.00022311755409822748,0.61300709360728
2025-03-28,0.43231057244554677,0.4323039215686274,0.03674639865787147,0.03674583333333334,0.08499999999999999,9.506972060826117,0.3223416310534439,0,0,5.653245381334604e-07,0.0015384724929360526
2025-03-29,0.4352005382424591,0.43120098039215676,0.03699204575060902,0.036652083333333335,0.08499999999999999,9.139719502014163,0.3411624970755837,0,0,0.00033996241727568544,0.9275391365448132
2025-03-30,0.4449092856839047,0.44116013071895416,0.0378172892831319,0.03749861111111111,0.08499999999999999,11.415072997768089,0.2470581669648873,0,9,0.0003186781720207893,0.8498399342752263
2025-03-31,0.4482581170324151,0.4476143790849674,0.03810193994775528,0.03804722222222222,0.08499999999999999,8.328975086615037,0.05884950674349535,0,0,5.471772553305998e-05,0.14381529672119145
2025-04-01,0.4451629117304369,0.4457516339869281,0.03783884749708714,0.03788888888888889,0.08499999999999999,9.31334674445237,0.09649123878777321,0,0,5.0041391801751434e-05,0.13207405460872812
2025-04-02,0.44602688311346367,0.4465849673202615,0.03791228506464441,0.037959722222222214,0.08499999999999999,8.112096666526561,0.07767037276563428,0,0,4.743715757780237e-05,0.12496708300471154
2025-04-03,0.4461435221090277,0.44688725490196074,0.03792219937926735,0.03798541666666667,0.08499999999999999,8.657067851853753,0.07767037276563428,0,0,6.321728739931698e-05,0.1664251519315096
2025-04-04,0.4450916100702451,0.4469771241830065,0.03783278685597083,0.03799305555555556,0.08499999999999999,8.84595389230036,0.09649123878777321,0,0,0.00016026869958472856,0.4218368258124824
2025-04-05,0.44493980600140465,0.44509803921568625,0.03781988351011939,0.03783333333333334,0.08499999999999999,9.76027169972157,0.11531210480991302,0,0,1.344982321394711e-05,0.035550193517040814
2025-04-06,0.4582128778908725,0.45120915032679737,0.03894809462072416,0.03835277777777776,0.08499999999999999,10.035494622131658,0.1293591534778966,0,0,0.0005953168429463987,1.5522131053864243
2025-04-07,0.45815580536622397,0.45934640522875825,0.03894324345612903,0.039044444444444444,0.08499999999999999,9.823113741284631,0.16700088552217443,0,0,0.00010120098831541136,0.259194335469181
2025-04-08,0.45978287433532855,0.4598774509803921,0.03908154431850292,0.03908958333333333,0.08499999999999999,9.912634270869287,0.18582175154431427,0,0,8.039014830409086e-06,0.02056561913657923
2025-04-09,0.4620481087514379,0.46132352941176463,0.03927408924387222,0.03921250000000001,0.08499999999999999,10.188843947802862,0.18582175154431427,0,0,6.158924387220793e-05,0.15706533343247156
2025-04-10,0.46323642661735587,0.46288398692810456,0.03937509626247525,0.03934513888888888,0.08499999999999999,11.84567067404235,0.2046426175664523,0,0,2.9957373586367297e-05,0.07613996145995891
2025-04-11,0.4639802678208687,0.4634803921568628,0.03943832276477384,0.039395833333333324,0.08499999999999999,12.196550656023838,0.2234634835885921,0,0,4.248943144051498e-05,0.10785260228158222
2025-04-12,0.4642606236352365,0.4628921568627451,0.0394621530089951,0.03934583333333334,0.08499999999999999,12.011116001314017,0.24228434961073192,0,40,0.00011631967566176626,0.2956340374756317
2025-04-13,0.45082253088291413,0.4655392156862745,0.0383199151250477,0.03957083333333333,0.08499999999999999,14.932037548201615,0.27992608165500976,0,105,0.0012509182082856354,3.1612126986264344
2025-04-14,0.47422107003017855,0.4754166666666666,0.04030879095256517,0.040410416666666664,0.08499999999999999,23.28677861131695,0.43049300983212296,0,144,0.00010162571410149424,0.2514839550895357
2025-04-15,0.47888569975732587,0.4791830065359477,0.040705284479372696,0.04073055555555555,0.08499999999999999,27.80768064072802,0.48695560789854064,0,144,2.5271076182852015e-05,0.06204451630516762
2025-04-16,0.4783716733851901,0.4783741830065359,0.040661592237741156,0.040661805555555555,0.08499999999999999,25.66004298281443,0.46813474187640175,0,144,2.1331781439870579e-07,0.0005246147127117933
2025-04-17,0.4733034404854896,0.4770915032679738,0.040230792441266615,0.04055277777777777,0.08499999999999999,24.901690553310264,0.46813474187640175,0,144,0.00032198533651115607,0.7939908291253935
2025-04-18,0.4768990945515435,0.4772385620915032,0.040536423036881195,0.04056527777777777,0.08499999999999999,24.603295306419582,0.4493138758542619,0,144,2.8854740896575026e-05,0.07113162408167228
2025-04-19,0.3883791558057679,0.4773692810457516,0.03301222824349027,0.040576388888888884,0.08499999999999999,23.819743424828435,0.43049300983212296,0,144,0.007564160645398617,18.641778759839138
2025-04-20,0.46964279382357166,0.472549019607843,0.039919637475003586,0.04016666666666666,0.08499999999999999,22.97869811784676,0.41167214380998407,0,144,0.0002470291916630771,0.6150104356757107
2025-04-21,0.45676084563237596,0.46205882352941174,0.03882467187875195,0.039275000000000004,0.08499999999999999,13.188790421185601,0.2987469476771487,0,44,0.0004503281212480531,1.1466024729422102
2025-04-22,0.4581310739212528,0.45910130718954245,0.03894114128330648,0.039023611111111106,0.08499999999999999,9.667792614671237,0.1481800195000364,0,0,8.246982780462514e-05,0.21133315307445671
2025-04-23,0.45907336013428185,0.4601797385620915,0.039021235611413956,0.03911527777777778,0.08499999999999999,10.168653338324328,0.18582175154431427,0,0,9.404216636382107e-05,0.2404231075593906
2025-04-24,0.45520502885587066,0.4570424836601307,0.038692427452749,0.03884861111111112,0.08499999999999999,10.286846416973217,0.1481800195000364,0,0,0.000156183658362119,0.4020315112821338
2025-04-25,0.4449581037732914,0.4483578431372549,0.03782143882072977,0.03811041666666667,0.08499999999999999,9.809682246245657,0.09649123878777321,0,0,0.0002889778459368997,0.7582647244832004
2025-04-26,0.4366845464463693,0.44013888888888886,0.03711818644794138,0.03741180555555555,0.08499999999999999,11.324072372692946,0.2470581669648873,0,0,0.0002936191076141695,0.7848300910742007
2025-04-27,0.4299876400840199,0.43138888888888877,0.036548949407141686,0.03666805555555555,0.08499999999999999,9.198744555088872,0.3411624970755837,0,0,0.0001191061484138653,0.32482264633151403
2025-04-28,0.42315241212495236,0.4247794117647058,0.035967955030620946,0.03610624999999999,0.08499999999999999,6.0047356830437195,0.4540876932084173,0,0,0.0001382949693790464,0.3830222451211256
2025-04-29,0.4174243356778237,0.41892973856209154,0.03548106853261501,0.035609027777777774,0.08499999999999999,5.998743877900516,0.5481920233191137,0,0,0.00012795924516276203,0.3593449558951915
2025-04-30,0.4209032605234513,0.4199754901960784,0.03577677714449336,0.03569791666666666,0.08499999999999999,5.407109014813746,0.5481920233191137,0,0,7.886047782669492e-05,0.220910588601188
2025-05-01,0.4244383062324643,0.4228186274509803,0.03607725602975946,0.03593958333333333,0.08499999999999999,5.094708810578447,0.49172942525269603,0,0,0.00013767269642613045,0.3830670354445691
2025-05-02,0.42326217190648735,0.42335784313725483,0.03597728461205142,0.03598541666666666,0.08499999999999999,5.2086370010040355,0.4540876932084173,0,0,8.132054615236917e-06,0.022598194959264288
2025-05-03,0.4296790183983741,0.42595588235294113,0.036522716563861794,0.03620625,0.08499999999999999,5.843996118513445,0.43526682718627924,0,0,0.00031646656386179195,0.8740661180370569
2025-05-04,0.4377988124721799,0.4365441176470587,0.037212899060135286,0.03710625000000001,0.08499999999999999,10.031766614050268,0.28469989900916515,0,0,0.00010664906013527903,0.28741535492074516
2025-05-05,0.44336063671925885,0.4438235294117647,0.037685654121137,0.037724999999999995,0.08499999999999999,10.777498731542757,0.20941643492060943,0,6,3.9345878862992456e-05,0.10429656424915165
2025-05-06,0.445507759142604,0.447173202614379,0.03786815952712134,0.03800972222222222,0.08499999999999999,9.47592581870952,0.11531210480991302,0,0,0.00014156269510088443,0.3724381206293594
2025-05-07,0.44746249299413593,0.44545751633986924,0.03803431190450155,0.03786388888888889,0.08499999999999999,9.840383462386988,0.11531210480991302,0,0,0.00017042301561265988,0.45009379811134587
2025-05-08,0.4503939072706564,0.4504003267973856,0.03828348211800579,0.03828402777777778,0.08499999999999999,10.258934305101315,0.040028640721355535,0,0,5.456597719846745e-07,0.0014252935327285663
2025-05-09,0.45063836044733524,0.45083333333333325,0.038304260638023495,0.03832083333333333,0.08499999999999999,10.425558909685698,0.0212077746992175,0,0,1.6572695309836905e-05,0.043247220554103044
2025-05-10,0.45510653684551094,0.4534640522875817,0.03868405563186843,0.038544444444444444,0.08499999999999999,11.140455765510419,0.07289655541147892,0,0,0.00013961118742398387,0.36220832713054335
2025-05-11,0.457985052020297,0.4570343137254902,0.03892872942172524,0.03884791666666666,0.08499999999999999,10.116041648272471,0.1293591534778966,0,0,8.081275505857771e-05,0.20802339479871995
2025-05-12,0.4569162016383965,0.4580882352941177,0.0388378771392637,0.03893749999999999,0.08499999999999999,9.774472699380649,0.1481800195000364,0,0,9.962286073629534e-05,0.2558532538973877
2025-05-13,0.449712276628836,0.4533496732026144,0.03822554351345106,0.03853472222222223,0.08499999999999999,10.565530315548997,0.11053828745575678,0,0,0.000309178708771167,0.802337971941756
2025-05-14,0.4407159865475103,0.44491013071895424,0.037460858856538375,0.037817361111111114,0.08499999999999999,10.476522562123364,0.17177470287632982,0,18,0.0003565022545727395,0.9426946886254197
2025-05-15,0.43788952434580947,0.4371241830065359,0.037220609569393805,0.03715555555555556,0.08499999999999999,10.227472441854879,0.2470581669648873,0,0,6.505401383824494e-05,0.17508556355986973
2025-05-16,0.4243589808586454,0.4281617647058823,0.03607051337298486,0.03639375,0.08499999999999999,8.296637294616346,0.4540876932084173,0,0,0.0003232366270151457,0.8881652124750697
2025-05-17,0.41016906428967587,0.4174183006535947,0.03486437046462244,0.03548055555555555,0.08499999999999999,7.2478698808710185,0.6987589514962278,0,0,0.0006161850909331065,1.736683885821016
2025-05-18,0.3991491150274949,0.40084150326797385,0.03392767477733706,0.03407152777777778,0.08499999999999999,13.68048727775704,0.8869676117176188,0,0,0.00014385300044071625,0.42220883483405297
2025-05-19,0.39327408316539536,0.39297385620915026,0.0334282970690586,0.03340277777777778,0.08499999999999999,14.45207108775815,0.9434302097840356,0,0,2.5519291280820533e-05,0.07639870986357913
2025-05-20,0.3942888564013054,0.39222222222222225,0.033514552794110954,0.03333888888888889,0.08499999999999999,13.958978310087383,0.9434302097840356,0,0,0.0001756639052220635,0.5269038983497988
2025-05-21,0.39335326647608565,0.3924428104575163,0.033435027650467276,0.03335763888888889,0.08499999999999999,13.9122550144861,0.9434302097840356,0,0,7.738876157838831e-05,0.23199712016837548
2025-05-22,0.39126142340009756,0.39145424836601295,0.03325722098900829,0.03327361111111111,0.08499999999999999,15.78975531434274,0.9810719418283153,0,0,1.6390122102818983e-05,0.04925862133835484
2025-05-23,0.3989179734897246,0.3972467320261437,0.03390802774662659,0.03376597222222222,0.08499999999999999,11.835142698116993,0.9810719418283153,0,0,0.0001420555244043692,0.4207061578723889
2025-05-24,0.4110460529702841,0.4036846405228758,0.03493891450247415,0.03431319444444444,0.08499999999999999,12.669528345936218,0.8493258796733409,0,0,0.0006257200580297093,1.8235552479463715
2025-05-25,0.41885870258528474,0.41410130718954247,0.0356029897197492,0.03519861111111111,0.08499999999999999,8.881866032707785,0.6234754874076694,0,0,0.0004043786086380882,1.148848195633601
2025-05-26,0.4218481443364063,0.42101307189542475,0.035857092268594536,0.03578611111111111,0.08499999999999999,3.5684117607080785,0.49172942525269603,0,0,7.098115748342682e-05,0.19834834040234148
2025-05-27,0.42542345938021314,0.4246813725490195,0.03616099404731812,0.03609791666666667,0.08499999999999999,5.761984160691406,0.4729085592305571,0,0,6.307738065144952e-05,0.17473967052978456
2025-05-28,0.42657344819734977,0.42607026143790844,0.03625874309677473,0.03621597222222222,0.08499999999999999,6.868152049119097,0.43526682718627924,0,0,4.277087455251127e-05,0.1180994791195111
2025-05-29,0.4331397075015396,0.43275326797385616,0.03681687513763086,0.03678402777777778,0.08499999999999999,9.56592261252924,0.3976250951419996,0,0,3.2847359853080405e-05,0.08929788779934639
2025-05-30,0.430257676846486,0.43176470588235294,0.036571902531951306,0.036699999999999997,0.08499999999999999,9.551474610947514,0.3411624970755837,0,0,0.0001280974680486907,0.34903942247599656
2025-05-31,0.4279558860755515,0.4280392156862744,0.036376250316421874,0.03638333333333334,0.08499999999999999,8.108168844940447,0.37880422911986156,0,0,7.083016911463291e-06,0.019467751474475374
2025-06-01,0.4311877686148313,0.4290849673202614,0.03665096033226066,0.03647222222222223,0.08499999999999999,8.194816131629668,0.3976250951419996,0,0,0.0001787381100384275,0.490066409854028
2025-06-02,0.43595702310501094,0.4353758169934639,0.03705634696392593,0.03700694444444444,0.08499999999999999,9.750167943536553,0.3223416310534439,0,0,4.940251948148955e-05,0.1334952675048695
2025-06-03,0.4354369568629132,0.43668300653594766,0.03701214133334762,0.03711805555555556,0.08499999999999999,9.766873840237302,0.2658790329870262,0,0,0.00010591422220793817,0.28534420950314493
2025-06-04,0.4259251333171797,0.4293545751633987,0.03620363633196027,0.03649513888888889,0.08499999999999999,8.578924478213462,0.4164459611641394,0,0,0.0002915025569286203,0.798743519831814
2025-06-05,0.41677769817131766,0.4190114379084967,0.035426104344562,0.03561597222222222,0.08499999999999999,6.113668442782409,0.6046546213855314,0,0,0.00018986787766022556,0.5330975565557058
2025-06-06,0.4056966661814225,0.4091584967320261,0.034484216625420915,0.03477847222222222,0.08499999999999999,11.29439092459851,0.7364006835405056,0,0,0.00029425559680130303,0.8460854603419988
2025-06-07,0.39568250048595255,0.39856209150326793,0.03363301254130596,0.03387777777777778,0.08499999999999999,13.69046573893286,0.9057884777397578,0,0,0.0002447652364718153,0.722494958427792
2025-06-08,0.3903904009392007,0.3916176470588235,0.033183184079832055,0.0332875,0.08499999999999999,14.957738514061008,0.9998928078504533,0,0,0.0001043159201679425,0.3133786561560421
2025-06-09,0.38189259653603536,0.3843055555555555,0.032460870705563,0.032665972222222214,0.08499999999999999,21.73377218502953,1.1316388700054276,0,122,0.0002051015166592146,0.627875133377132
2025-06-10,0.37616756526096334,0.377516339869281,0.03197424304718188,0.03208888888888888,0.08499999999999999,25.37886021325264,1.225743200116124,0,144,0.00011464584170699926,0.3572758224941114
2025-06-11,0.37291469030549607,0.3719117647058823,0.03169774867596716,0.031612499999999995,0.08499999999999999,23.09222854923848,1.3010266642046815,0,112,8.524867596716723e-05,0.26966761871780864
2025-06-12,0.37031845468357144,0.37044934640522875,0.03147706864810357,0.031488194444444444,0.08499999999999999,20.99288214200329,1.3386683962489594,0,64,1.1125796340875904e-05,0.035333230555678496
2025-06-13,0.36908794334014705,0.36645424836601304,0.03137247518391249,0.031148611111111113,0.08499999999999999,17.043724450294715,1.376310128293237,0,0,0.0002238640728013802,0.718696804820055
2025-06-14,0.36247286465542183,0.36136437908496727,0.030810193495710854,0.030715972222222214,0.08499999999999999,19.002732918543533,1.4515935923817938,0,0,9.422127348863996e-05,0.30675009342687615
2025-06-15,0.3586556158726187,0.3573366013071895,0.030485727349172584,0.03037361111111111,0.08499999999999999,18.87950924406702,1.5268770564703504,0,0,0.00011211623806147222,0.36912383467126986
2025-06-16,0.35531318214825464,0.35300653594771236,0.03020162048260164,0.030005555555555556,0.08499999999999999,19.570756335997217,1.583339654536768,0,0,0.000196064927046085,0.6534287514959323
2025-06-17,0.3529222306596216,0.35150326797385617,0.02999838960606783,0.029877777777777774,0.08499999999999999,20.580546082657666,1.6962648506696034,0,1,0.0001206118282900577,0.40368406642265503
2025-06-18,0.3434882982336163,0.34210784313725495,0.029196505349857384,0.02907916666666667,0.08499999999999999,19.985895402972176,1.7527274487360203,0,0,0.00011733868319071389,0.4035146004552419
2025-06-19,0.34206470706478337,0.34013888888888894,0.029075500100506583,0.02891180555555556,0.08499999999999999,19.022957478276354,1.8091900468024378,0,0,0.00016369454495102423,0.5661858254977418
2025-06-20,0.33472620141388226,0.3336274509803921,0.02845172712017999,0.028358333333333336,0.08499999999999999,18.78311066324955,1.9032943769131343,0,0,9.339378684665445e-05,0.3293345407463571
2025-06-21,0.3330053004708002,0.3311846405228758,0.028305450540018012,0.02815069444444445,0.08499999999999999,19.171068444303696,1.9221152429352732,0,0,0.0001547560955735619,0.5497416622491282
2025-06-22,0.328092762792315,0.3286846405228758,0.02788788483734677,0.027938194444444446,0.08499999999999999,23.022350689353043,2.0162195730459698,25,0,5.030960709767607e-05,0.1800746544223448
2025-06-23,0.32707415563306064,0.32417483660130714,0.02780130322881015,0.027554861111111113,0.08499999999999999,29.902881652226526,2.0538613050902477,99,0,0.0002464421176990375,0.8943689344152171
2025-06-24,0.3229702592791061,0.32044117647058823,0.027452472038724016,0.027237500000000005,0.08499999999999999,34.1785125705877,2.110323903156665,144,0,0.00021497203872401088,0.7892502569032064
2025-06-25,0.3222858317275274,0.31886409736308313,0.02739429569683983,0.027103448275862082,0.085,34.44199292931557,2.110323903156665,116,0,0.0002908474209777495,1.0731011715464036
2025-06-26,0.3216685944085643,0.3175081699346405,0.027341830524727963,0.026988194444444447,0.08499999999999999,35.78675294917967,2.166786501223082,144,0,0.00035363608028351687,1.3103361953741715
2025-06-27,0.32166383403428916,0.3158088235294117,0.027341425892914578,0.02684375,0.08499999999999999,37.08588987822617,2.185607367245222,144,0,0.0004976758929145786,1.8539730585874874
2025-06-28,0.3254909230946046,0.3209395424836601,0.027666728463041388,0.027279861111111116,0.08499999999999999,35.005498570250765,2.147965635200943,144,0,0.0003868673519302722,1.4181426743873733
2025-06-29,0.3244497242753746,0.32156045751633994,0.02757822656340684,0.027332638888888885,0.08499999999999999,33.88470753365557,2.0726821711123864,144,0,0.0002455876745179539,0.8985143202465856
2025-06-30,0.32224003347644475,0.3191339869281046,0.0273904028454978,0.02712638888888889,0.08499999999999999,34.60692090733474,2.129144769178804,144,0,0.0002640139566089106,0.9732735075439845
2025-07-01,0.322903088165068,0.31489379084967317,0.027446762494030778,0.026765972222222226,0.08499999999999999,36.765628163221415,2.2232490992895007,144,0,0.0006807902718085519,2.5434916623104447
2025-07-02,0.3203437054541448,0.3118954248366013,0.027229214963602307,0.026511111111111114,0.08499999999999999,38.25414624711924,2.2420699653116394,144,33,0.0007181038524911934,2.70869013932135
2025-07-03,0.32002627717790433,0.3106454248366013,0.027202233560121865,0.026404861111111108,0.08499999999999999,39.70434625716536,2.260890831333778,144,85,0.0007973724490107567,3.0197941419022425
2025-07-04,0.31977612176643827,0.3104003267973856,0.02718097035014725,0.026384027777777774,0.08499999999999999,40.51398742556479,2.260890831333778,144,101,0.0007969425723694766,3.020549322801691
2025-07-05,0.3200548154328613,0.3110130718954248,0.02720465931179321,0.02643611111111111,0.08499999999999999,39.039135953247765,2.260890831333778,144,68,0.0007685482006820968,2.9071908400289463
2025-07-06,0.3200940453133643,0.3104084967320261,0.02720799385163596,0.02638472222222222,0.08499999999999999,40.18928724813865,2.260890831333778,144,103,0.0008232716294137403,3.120258847070027
2025-07-07,0.32181429358184865,0.31268790849673206,0.027354214954457133,0.02657847222222222,0.08499999999999999,38.46692185419229,2.2420699653116394,144,45,0.0007757427322349145,2.9186881990392104
2025-07-08,0.32603997813531954,0.3179248366013072,0.027713398141502157,0.02702361111111111,0.08499999999999999,36.421880571183756,2.166786501223082,144,0,0.000689787030391048,2.5525346244619143
2025-07-09,0.3270348302119857,0.3221813725490196,0.02779796056801878,0.027385416666666666,0.08499999999999999,34.16479202566644,2.091503037134526,144,0,0.0004125439013521158,1.5064364598631843
2025-07-10,0.32548823777408104,0.32310457516339863,0.027666500210796887,0.027463888888888892,0.08499999999999999,33.947773378988224,2.0726821711123864,144,0,0.00020261132190799516,0.7377371891056766
2025-07-11,0.32524447403339724,0.32160947712418303,0.027645780292838762,0.027336805555555555,0.08499999999999999,33.83693897160222,2.0726821711123864,144,0,0.00030897473728320676,1.1302518015694596
2025-07-12,0.33136292841822484,0.32761437908496727,0.02816584891554911,0.02784722222222222,0.08499999999999999,24.73507681685115,2.0538613050902477,35,0,0.0003186266933268879,1.144195606959398
2025-07-13,0.32445094038244804,0.32416666666666666,0.02757832993250808,0.027554166666666664,0.08499999999999999,25.97548915847227,2.091503037134526,52,0,2.416326584141551e-05,0.08769369124360687
2025-07-14,0.32590282356400785,0.32194444444444437,0.027701740002940664,0.02736527777777778,0.08499999999999999,34.21145949329659,2.091503037134526,144,0,0.00033646222516288404,1.2295224185011242
2025-07-15,0.3268753847679738,0.3238316993464052,0.02778440770527777,0.027525694444444446,0.08499999999999999,30.911314826656337,2.0538613050902477,111,0,0.0002587132608333244,0.9398973070615513
2025-07-16,0.333447355049705,0.32950980392156864,0.028343025179224924,0.02800833333333334,0.08499999999999999,20.87880727500409,1.9785778410016908,0,0,0.000334691845891584,1.1949723745013412
2025-07-17,0.33303772119516367,0.33026960784313725,0.02830820630158891,0.02807291666666667,0.08499999999999999,21.185988960076937,1.9409361089574122,0,0,0.00023528963492223942,0.8381374750476802
2025-07-18,0.33919649796072743,0.33531862745098034,0.02883170232666183,0.028502083333333334,0.08499999999999999,19.61000866592771,1.8656526448688555,0,0,0.0003296189933284961,1.1564733338036557
2025-07-19,0.3292229900925749,0.33028169014084496,0.027983954157868862,0.02807394366197182,0.08499999999999999,20.67243080791317,1.9973987070238297,0,0,8.998950410295942e-05,0.3205445775146179
2025-07-20,0.3293036249792146,0.32601307189542483,0.02799080812323324,0.02771111111111111,0.08499999999999999,21.107553035054067,1.9973987070238297,0,0,0.0002796970121221286,1.0093316395746421
2025-07-21,0.3357578756380843,0.3311274509803921,0.028539419429237163,0.02814583333333333,0.08499999999999999,20.076178782593345,1.9785778410016908,0,0,0.00039358609590383134,1.39838139181228
2025-07-22,0.3342245690050702,0.3311928104575163,0.028409088365430962,0.028151388888888892,0.08499999999999999,19.38911980624945,1.9221152429352732,0,0,0.0002576994765420698,0.9154059061142149
2025-07-23,0.3383865991043454,0.33350884409707937,0.02876286092386935,0.028348251748251747,0.08499999999999998,19.213403070531527,1.9032943769131343,0,0,0.0004146091756176036,1.4625564189974178
2025-07-24,0.339295930654957,0.3364705882352941,0.028840154105671343,0.028600000000000007,0.08499999999999999,18.593082030506874,1.8280109128245776,0,0,0.00024015410567133563,0.8396996701794951
2025-07-25,0.34131936896696535,0.3371486928104575,0.029012146362192053,0.028657638888888892,0.08499999999999999,18.470417517976006,1.8280109128245776,0,0,0.000354507473303161,1.2370435494621654
2025-07-26,0.3410670363163489,0.3388643790849673,0.028990698086889654,0.02880347222222222,0.08499999999999999,17.878794452673404,1.8280109128245776,0,0,0.00018722586466743407,0.6500114403672037
2025-07-27,0.3392866531752469,0.3364705882352941,0.028839365519895986,0.028600000000000007,0.08499999999999999,18.572050568765214,1.8280109128245776,0,0,0.00023936551989597876,0.8369423772586667
2025-07-28,0.3418576287638804,0.3348366013071895,0.029057898444929828,0.028461111111111118,0.08499999999999999,19.618540121490458,1.9221152429352732,0,0,0.0005967873338187102,2.096851846327695
2025-07-29,0.3471173975074562,0.3438807189542483,0.02950497878813377,0.029229861111111106,0.08499999999999999,21.053446980679766,1.7339065827138813,0,0,0.00027511767702266543,0.9412212941309028
2025-07-30,0.35611955115520755,0.3527941176470588,0.030270161848192638,0.029987499999999993,0.08499999999999999,19.43933832787817,1.6962648506696034,0,0,0.0002826618481926446,0.9425989101880605
2025-07-31,0.3572549076728113,0.35625816993464055,0.03036666715218896,0.030281944444444445,0.08499999999999999,18.722351237926212,1.5456979224924903,0,0,8.472270774451465e-05,0.27977961553937786
2025-08-01,0.35905305019469574,0.3572875816993463,0.030519509266549137,0.03036944444444445,0.08499999999999999,18.96272814128822,1.5268770564703504,0,0,0.00015006482210468824,0.4941309426295414
2025-08-02,0.3554034847377457,0.35358288770053464,0.030209296202708374,0.030054545454545445,0.08499999999999998,19.60771887858618,1.583339654536768,0,0,0.00015475074816292955,0.5148996460351559
2025-08-03,0.35244717448453944,0.3536437908496732,0.02995800983118585,0.03005972222222222,0.08499999999999999,19.383329492495218,1.6398022526031857,0,0,0.00010171239103637028,0.3383677010866636
2025-08-04,0.3454455622158474,0.3460947712418301,0.029362872788347025,0.02941805555555556,0.08499999999999999,21.936403442129993,1.7150857166917424,0,0,5.5182767208533656e-05,0.18758128695597107
2025-08-05,0.3460324826585371,0.34494281045751624,0.02941276102597565,0.02932013888888889,0.08499999999999999,21.48470581767231,1.7339065827138813,0,0,9.262213708676262e-05,0.3158993804148129
2025-08-06,0.3415570253005246,0.34022875816993464,0.02903234715054459,0.02891944444444445,0.08499999999999999,19.013595369393382,1.7903691807802988,0,0,0.00011290270610014169,0.39040413212996833
2025-08-07,0.341039838680647,0.33772875816993464,0.028988386287854995,0.028706944444444445,0.08499999999999999,18.48567451745355,1.8280109128245776,0,0,0.00028144184341055006,0.9803963774522039
2025-08-08,0.3408158484464116,0.3380065359477124,0.028969347117944983,0.028730555555555554,0.08499999999999999,18.250881069434524,1.8091900468024378,0,0,0.00023879156238942878,0.831141472108618
2025-08-09,0.33448116986915566,0.3344199346405229,0.028430899438878228,0.02842569444444444,0.08499999999999999,19.003614435565282,1.9409361089574122,0,0,5.204994433787025e-06,0.018310878715592106
2025-08-10,0.3369039173250539,0.3326552287581699,0.028636832972629582,0.028275694444444444,0.08499999999999999,20.011766409998238,1.9409361089574122,0,0,0.0003611385281851384,1.2772048053309413
2025-08-11,0.33815038267090713,0.33524509803921565,0.028742782527027104,0.02849583333333334,0.08499999999999999,19.375718248102817,1.8656526448688555,0,0,0.00024694919369376567,0.8666150970390956
2025-08-12,0.34189632397454356,0.33862745098039215,0.0290611875378362,0.028783333333333334,0.08499999999999999,18.696658304997882,1.8468317788467166,0,0,0.000277854204502867,0.9653301835652588
2025-08-13,0.34833323988729137,0.34180555555555553,0.029608325390419764,0.029053472222222224,0.08499999999999999,19.67486245424429,1.8091900468024378,0,0,0.0005548531681975402,1.909765428220135
2025-08-14,0.3551707287016946,0.349468954248366,0.03018951193964404,0.02970486111111111,0.08499999999999999,21.466649037738637,1.6586231186253255,0,0,0.00048465082853292943,1.6315539289010368
2025-08-15,0.3674777476789009,0.3605147058823529,0.031235608552706573,0.03064375,0.08499999999999999,18.535496280071456,1.5645187885146292,0,0,0.0005918585527065721,1.9314168556608513
2025-08-16,0.3728115528825038,0.3679330065359477,0.03168898199501282,0.031274305555555555,0.08499999999999999,18.29670111083096,1.376310128293237,0,18,0.00041467643945726496,1.3259333247884124
2025-08-17,0.36979010406346574,0.3695915032679738,0.03143215884539458,0.03141527777777778,0.08499999999999999,19.466211776343787,1.3386683962489594,0,0,1.6881067616804357e-05,0.05373521678278941
2025-08-18,0.3677578155841279,0.36496732026143786,0.03125941432465087,0.031022222222222222,0.08499999999999999,16.981755858912173,1.413951860337515,0,0,0.00023719210242864608,0.7645877227284437
2025-08-19,0.36780535663334457,0.3658169934640522,0.03126345531383429,0.03109444444444444,0.08499999999999999,16.08014935175562,1.376310128293237,0,0,0.000169010869389849,0.5435404053988355
2025-08-20,0.3645748680978904,0.36354575163398695,0.03098886378832068,0.030901388888888888,0.08499999999999999,17.2228073972666,1.413951860337515,0,0,8.747489943179351e-05,0.2830775656923517
2025-08-21,0.3620538653749101,0.3596078431372549,0.030774578556867355,0.03056666666666667,0.08499999999999999,19.309639422161037,1.4892353244260725,0,0,0.0002079118902006856,0.6801915709946093
2025-08-22,0.3562595408449349,0.3559640522875817,0.03028206097181946,0.03025694444444444,0.08499999999999999,18.979348260629095,1.5456979224924903,0,0,2.5116527375020764e-05,0.08301078590780332
2025-08-23,0.35777075947945547,0.35588235294117654,0.030410514555753713,0.03025,0.08499999999999999,18.152621941832006,1.5268770564703504,0,0,0.00016051455575371437,0.5306266305907913
2025-08-24,0.3600223544425547,0.3554738562091503,0.030601900127617147,0.03021527777777777,0.08499999999999999,18.323292823263973,1.5456979224924903,0,0,0.0003866223498393759,1.2795591444925336
2025-08-25,0.3678964449763689,0.36449346405228755,0.031271197822991356,0.03098194444444444,0.08499999999999999,18.532841526296238,1.4892353244260725,0,0,0.00028925337854691577,0.9336191892848854
2025-08-26,0.36655482110026033,0.3630800653594771,0.031157159793522127,0.03086180555555556,0.08499999999999999,17.67664047418205,1.4515935923817938,0,0,0.00029535423796656773,0.9570219002089455
2025-08-27,0.3704564399053383,0.3680065359477123,0.03148879739195375,0.031280555555555555,0.08499999999999999,18.302597690229405,1.376310128293237,0,0,0.0002082418363981986,0.6657229473701403
2025-08-28,0.3711880186081975,0.3676960784313725,0.03155098158169679,0.031254166666666666,0.08499999999999999,17.777608147892447,1.3386683962489594,0,0,0.00029681491503012053,0.9496811039491925
2025-08-29,0.36733591595036713,0.367361111111111,0.031223552855781204,0.031225694444444438,0.08499999999999999,17.589455938423693,1.376310128293237,0,0,2.1415886632333847e-06,0.006858418047494884
2025-08-30,0.3660095329717999,0.3638153594771241,0.031110810302602987,0.030924305555555556,0.08499999999999999,17.0935712685728,1.413951860337515,0,0,0.0001865047470474314,0.6031008415447693
2025-08-31,0.3716330685689065,0.3658905228758169,0.03158881082835705,0.031100694444444448,0.08499999999999999,17.68303426689269,1.395130994315376,0,0,0.00048811638391260334,1.5694710122455036
2025-09-01,0.3649673081884539,0.3675571895424836,0.03102222119601858,0.031242361111111117,0.08499999999999999,19.02314091392333,1.4515935923817938,0,18,0.0002201399150925376,0.7046199687329215
2025-09-02,0.36887507358858995,0.3632843137254902,0.03135438125503014,0.030879166666666666,0.08499999999999999,18.232469215911653,1.4515935923817938,0,0,0.0004752145883634776,1.5389488760927625
2025-09-03,0.36243673922826014,0.36212258329905384,0.030807122834402106,0.030780419580419587,0.08499999999999998,18.34440501378186,1.4515935923817938,0,0,2.6703253982518493e-05,0.08675402852372191
2025-09-04,0.35872470351977825,0.3575071986836692,0.030491599799181143,0.030388111888111885,0.08499999999999998,18.611077748694502,1.5268770564703504,0,0,0.00010348791106925756,0.34055393586247457
2025-09-05,0.357562054533135,0.35494035376388317,0.030392774635316467,0.03016993006993006,0.08499999999999998,18.567414946219394,1.5645187885146292,0,0,0.00022284456538640765,0.7386313619881859
2025-09-06,0.35413383310826546,0.35264500205676674,0.030101375814202556,0.029974825174825165,0.08499999999999998,19.725200016426285,1.602160520558907,0,0,0.0001265506393773909,0.4221897496959431
2025-09-07,0.35320460070612514,0.35187165775401064,0.03002239106002063,0.029909090909090916,0.08499999999999998,20.480815986822414,1.6398022526031857,0,23,0.00011330015092971338,0.3788150942938744
2025-09-08,0.34753329273622463,0.34755818874312305,0.029540329882579087,0.02954244604316547,0.08499999999999998,21.65754573847568,1.6962648506696034,0,5,2.1161605863843913e-06,0.007163119070412779
2025-09-09,0.3358984581631139,0.33677498971616615,0.028551368943864674,0.028625874125874123,0.08499999999999998,19.456997917081676,1.9032943769131343,0,0,7.45051820094482e-05,0.26027216385369717
2025-09-10,0.33135508214498605,0.32962566844919783,0.028165181982323807,0.02801818181818181,0.08499999999999998,21.446239977318132,1.9597569749795511,0,0,0.00014700016414199643,0.524659897975977
2025-09-11,0.3270842277918507,0.32497737556561074,0.027802159362307302,0.027623076923076924,0.08499999999999998,27.811309374796686,2.0350404390681085,73,0,0.0001790824392303783,0.6483073544959392
2025-09-12,0.3257918442569308,0.3218839983545866,0.027692306761839112,0.027360139860139864,0.08499999999999998,34.05917817235524,2.091503037134526,143,0,0.0003321669016992483,1.2140541071691375
2025-09-13,0.3239209182983925,0.3177042483660131,0.027533278055363358,0.027004861111111108,0.08499999999999999,35.52959140080656,2.185607367245222,144,0,0.0005284169442522496,1.9567474984525406
2025-09-14,0.3224434705722508,0.311985294117647,0.027407694998641315,0.02651875,0.08499999999999999,39.010850402952954,2.260890831333778,144,59,0.0008889449986413146,3.352137633339862
2025-09-15,0.3208182770152181,0.3066748366013072,0.027269553546293537,0.026067361111111107,0.08499999999999999,44.947287835303456,2.354995161444474,144,144,0.0012021924351824295,4.611868574107411
2025-09-16,0.3181053691823117,0.30303921568627445,0.02703895638049649,0.025758333333333334,0.08499999999999999,48.789863279907806,2.3738160274666136,144,144,0.0012806230471631569,4.971684427679677
2025-09-17,0.31891417033144903,0.3056026326614561,0.02710770447817316,0.025976223776223776,0.08499999999999998,46.325834383494254,2.354995161444474,143,143,0.0011314807019493847,4.355832132093954
2025-09-18,0.322945733082276,0.30874999999999997,0.027450387311993455,0.026243749999999996,0.08499999999999999,42.666437865028364,2.336174295422335,144,101,0.0012066373119934588,4.597808285757405
2025-09-19,0.3229105612924123,0.3158088235294117,0.027447397709855045,0.02684375,0.08499999999999999,37.20871114693163,2.185607367245222,144,0,0.0006036477098550451,2.248745834151507
2025-09-20,0.32771363664027997,0.32289215686274503,0.027855659114423795,0.027445833333333336,0.08499999999999999,34.52995570006784,2.091503037134526,144,0,0.00040982578109045875,1.4932167521134065
2025-09-21,0.3249952907998887,0.32243464052287574,0.027624599717990538,0.02740694444444445,0.08499999999999999,34.62563312108097,2.110323903156665,144,0,0.00021765527354608918,0.794161034577531
2025-09-22,0.3227314266254541,0.313475935828877,0.027432171263163593,0.026645454545454545,0.08499999999999998,37.844094686082855,2.298532563378056,143,16,0.0007867167177090482,2.9525362998292497
2025-09-23,0.3211270384638463,0.30817770464829286,0.027295798269426932,0.026195104895104897,0.08499999999999998,43.107263542699314,2.3738160274666136,143,102,0.001100693374322035,4.201904816680932
2025-09-24,0.31757151860618077,0.29700534759358294,0.02699357908152536,0.02524545454545454,0.08499999999999998,55.00144057156449,2.5432038216658657,143,143,0.0017481245360708199,6.924512026207787
2025-09-25,0.31956303702533023,0.2964541341011929,0.027162858147153062,0.025198601398601403,0.08499999999999998,56.122902540415,2.5432038216658657,143,143,0.001964256748551659,7.795102265718133
2025-09-26,0.32330368244336444,0.30677910324969154,0.02748081300768597,0.02607622377622378,0.08499999999999998,46.180491508465295,2.3926368934887527,143,112,0.001404589231462191,5.38647483437725
2025-09-27,0.334067722546221,0.3220320855614973,0.02839575641642878,0.027372727272727278,0.08499999999999998,32.51787579959097,2.166786501223082,115,0,0.0010230291437015038,3.7374030490589636
2025-09-28,0.34214719427593315,0.3382969971205265,0.029082511513454312,0.028755244755244755,0.08499999999999998,18.673693771084906,1.8280109128245776,0,0,0.0003272667582095573,1.1381115375478283
2025-09-29,0.34390034937080066,0.34008227067050595,0.029231529696518047,0.028906993006993002,0.08499999999999998,18.41762414426968,1.7903691807802988,0,0,0.00032453668952504497,1.1226926627980125
2025-09-30,0.3451966537660351,0.3423118058412176,0.029341715570112975,0.029096503496503508,0.08499999999999998,20.254007964946872,1.7527274487360203,0,0,0.00024521207360946734,0.8427544348719913
